<settings xmlns="http://maven.apache.org/SETTINGS/1.0.0" xmlns:xsi="http://www.w3.org/2001/XMLSchema-instance" xsi:schemaLocation="http://maven.apache.org/SETTINGS/1.0.0 http://maven.apache.org/xsd/settings-1.0.0.xsd">
  <servers>
    <server>
      <!-- this config is used by our TravisCI to deploy snapshot artifacts to maven repo -->
      <id>sonatype-nexus-snapshots</id>
      <username>${env.CI_DEPLOY_USERNAME}</username>
      <password>${env.CI_DEPLOY_PASSWORD}</password>
    </server>
  </servers>
</settings>
